Territorio,Tipo de territorio,Nacionalidad (España/UE/Resto extranjero),01 ene 1997,01 ene 1998,01 ene 1999,01 ene 2000,01 ene 2001,01 ene 2002,01 ene 2003,01 ene 2004,01 ene 2005,01 ene 2006,01 ene 2007,01 ene 2008,01 ene 2009,01 ene 2010,01 ene 2011,01 ene 2012,01 ene 2013,01 ene 2014,01 ene 2015,01 ene 2016,01 ene 2017,01 ene 2018,01 ene 2019,01 ene 2020,01 ene 2021,01 ene 2022,01 ene 2023,01 ene 2024,01 ene 2025
Barcelona,Municipi,España,1467063,1474740,1465518,1451247,1433986,1435676,1414749,1391575,1372461,1359040,1348056,1341107,1336490,1335882,1335652,1336800,1332044,1330207,1341843,1342637,1336462,1327310,1316842,1305560,1288787,1276405,1268444,1269953,1274498
Barcelona,Municipi,Resto de la Unión Europea,7409,8465,9476,10614,12593,18076,23510,29262,36312,43095,58463,69375,75738,75065,69538,72667,77349,79781,80628,82924,88460,91662,102933,108291,102263,106466,107031,114693,121513
Barcelona,Municipi,Resto del mundo,19108,23713,28721,35401,60317,100725,142611,167345,190065,207381,187430,204228,219375,208498,209227,210194,203258,192273,182024,184647,199976,209740,230366,252447,269026,256886,284672,317863,335732
Barcelona,Municipi,No consta,83,108,125,174,225,949,943,435,499,541,484,468,250,168,172,169,184,189,205,219,239,224,217,232,238,224,288,305,323
Ciutat Vella,Districte,España,76579,77114,75847,74140,72318,71156,69231,67409,65756,64563,63570,62670,61794,61427,60853,60316,58794,57378,57480,56976,56071,54768,53546,52439,51938,51140,50809,51146,52133
Ciutat Vella,Districte,Resto de la Unión Europea,690,891,1047,1348,1771,2728,3735,4769,6071,7458,10324,11905,12963,12268,11195,11912,12882,13448,13750,14203,15142,15300,17206,17371,15682,15510,14747,15396,15797
Ciutat Vella,Districte,Resto del mundo,4996,6293,7633,9020,14890,24537,33552,37648,41191,42254,37830,37157,35232,30948,31501,32106,31609,29852,28908,29165,30921,31959,34959,38405,42013,39343,40856,44581,47342
Ciutat Vella,Districte,No consta,5,8,13,16,24,115,109,60,79,83,68,59,27,21,20,23,26,22,31,29,31,20,22,33,39,35,34,32,39
el Raval,Barri,España,31117,31302,30650,29760,28989,28617,27648,26744,26079,25425,25156,25023,24944,24994,24838,24818,24350,24084,24498,24275,24108,23732,23170,22660,22691,22369,22396,22634,23364
el Raval,Barri,Resto de la Unión Europea,249,309,341,408,509,854,1136,1496,1849,2237,3172,3681,4065,4070,3700,3966,4233,4285,4347,4445,4731,4884,5502,5602,5033,4909,4563,4840,5064
el Raval,Barri,Resto del mundo,2730,3531,4359,5156,8076,12362,16781,17996,19378,20015,17719,18769,18947,18283,19176,20194,20174,19110,18293,18466,19052,18890,19530,19906,20949,19223,18693,19440,21471
el Raval,Barri,No consta,-,-,6,9,10,65,62,21,23,22,14,15,7,9,11,13,14,11,12,10,10,8,8,12,15,19,19,20,18
el Barri Gòtic,Barri,España,12675,12986,13085,13107,12788,12605,12414,12318,12085,11891,11752,11252,10790,10514,10323,10102,9703,9126,9007,8925,8726,8501,8387,8270,8257,8243,8385,8612,8903
el Barri Gòtic,Barri,Resto de la Unión Europea,189,246,308,438,561,835,1149,1467,1949,2383,3396,3721,3915,2978,2709,2672,2829,3081,3079,3208,3392,3377,3846,3891,3436,3505,3281,3402,3415
el Barri Gòtic,Barri,Resto del mundo,699,890,1081,1256,2944,6373,9095,11283,13067,13254,12497,10515,8081,5023,4643,4103,3740,3525,3422,3588,4113,5150,6938,9541,11145,10994,12784,15200,15552
el Barri Gòtic,Barri,No consta,-,5,6,6,8,22,22,21,28,28,18,17,7,5,-,-,-,-,6,8,9,7,9,13,12,6,10,8,8
la Barceloneta,Barri,España,14378,14425,14303,14049,13732,13388,13047,12617,12248,12010,11740,11658,11472,11443,11315,11091,10755,10485,10331,10263,9855,9536,9246,8990,8786,8472,8264,8247,8199
la Barceloneta,Barri,Resto de la Unión Europea,35,47,69,120,176,263,386,474,644,874,1259,1578,1763,1887,1693,1846,2009,2074,2178,2290,2526,2576,2868,2893,2759,2598,2619,2675,2753
la Barceloneta,Barri,Resto del mundo,351,438,565,742,1200,1842,2537,2858,2888,2957,2626,2906,2992,2759,2739,2772,2726,2547,2527,2512,2716,2780,3058,3227,3577,3270,3390,3603,3793
la Barceloneta,Barri,No consta,-,-,-,-,-,14,13,9,16,22,21,12,-,-,-,-,-,-,-,-,-,-,-,-,-,-,-,-,-
"Sant Pere, Santa Caterina i la Ribera",Barri,España,18409,18401,17809,17224,16809,16546,16122,15730,15344,15237,14922,14737,14588,14476,14377,14305,13986,13683,13644,13513,13382,12999,12743,12519,12204,12056,11764,11653,11667
"Sant Pere, Santa Caterina i la Ribera",Barri,Resto de la Unión Europea,217,289,329,382,525,776,1064,1332,1629,1964,2497,2925,3220,3333,3093,3428,3811,4008,4146,4260,4493,4463,4990,4985,4454,4498,4284,4479,4565
"Sant Pere, Santa Caterina i la Ribera",Barri,Resto del mundo,1216,1434,1628,1866,2670,3960,5139,5511,5858,6028,4988,4967,5212,4883,4943,5037,4969,4670,4666,4599,5040,5139,5433,5731,6342,5856,5989,6338,6526
"Sant Pere, Santa Caterina i la Ribera",Barri,No consta,-,-,-,-,-,14,12,9,12,11,15,15,9,6,-,-,5,7,12,8,8,-,-,6,9,8,-,-,9
Eixample,Districte,España,241143,241903,240687,238394,235379,236891,233072,228406,224735,223210,221058,220176,218774,217727,217218,217136,215636,214636,215617,215114,213127,210553,207597,204802,201077,198457,195917,195130,195017
Eixample,Districte,Resto de la Unión Europea,1440,1676,1902,2129,2618,4036,5462,6779,8413,10110,13171,15510,17111,16813,15488,16098,17370,18140,18256,18909,20223,20838,23283,24566,23361,25029,25313,27082,28803
Eixample,Districte,Resto del mundo,3455,4263,5120,6324,10581,16959,23183,26813,30426,32734,27853,29828,32466,31117,31526,32305,31905,30728,29624,30475,33851,35383,38231,41337,44851,43318,47534,52344,54305
Eixample,Districte,No consta,23,28,31,37,47,189,191,101,117,128,116,120,78,57,64,54,56,60,60,70,69,65,62,67,60,53,60,80,84
el Fort Pienc,Barri,España,27577,27623,27610,27468,27263,27344,27059,26655,26309,26237,26013,25825,25746,25562,25569,25653,25403,25265,25417,25379,25063,24765,24533,24267,23846,23655,23354,23311,23397
el Fort Pienc,Barri,Resto de la Unión Europea,160,183,200,222,267,458,622,769,972,1161,1534,1910,2123,2059,2014,2149,2289,2385,2340,2453,2699,2771,3093,3298,3231,3404,3445,3788,4039
el Fort Pienc,Barri,Resto del mundo,397,460,551,660,1173,1924,2702,3101,3636,4086,3553,4401,5193,5010,4790,4476,4052,3830,3778,3844,4356,4624,5106,5901,6358,6381,7600,9010,9175
el Fort Pienc,Barri,No consta,5,6,5,-,7,23,24,12,12,21,21,23,17,17,14,8,11,9,13,17,19,10,6,7,10,5,-,10,10
la Sagrada Família,Barri,España,47764,48001,47866,47463,46924,47193,46328,45439,44728,44445,44005,43922,43659,43356,43174,42898,42489,42261,42395,42192,41708,41116,40442,39901,39292,38684,38208,37999,37982
la Sagrada Família,Barri,Resto de la Unión Europea,169,201,229,253,336,497,684,918,1146,1390,1930,2360,2579,2609,2434,2474,2591,2666,2761,2920,3141,3343,3734,4033,3939,4184,4323,4684,5008
la Sagrada Família,Barri,Resto del mundo,540,702,918,1188,2283,3809,4968,5653,6251,6676,5842,6268,6723,6190,6358,6712,6728,6336,5923,6234,6802,7197,7732,8303,8923,8522,9172,10131,10555
la Sagrada Família,Barri,No consta,8,10,8,19,20,40,33,19,21,30,24,21,8,9,10,8,13,20,15,8,7,5,9,15,10,12,9,11,10
la Dreta de l'Eixample,Barri,España,38277,38494,38303,38119,37772,38208,37786,36808,36137,35871,35497,35446,35456,35393,35451,35526,35242,35044,35155,34998,34710,34108,33531,33034,32116,31611,31090,30939,30740
la Dreta de l'Eixample,Barri,Resto de la Unión Europea,340,403,465,548,688,1029,1353,1626,1994,2387,2945,3348,3741,3652,3323,3529,3965,4194,4245,4388,4599,4664,5148,5409,5073,5671,5647,5932,6364
la Dreta de l'Eixample,Barri,Resto del mundo,498,617,740,901,1355,2083,3085,3685,4275,4598,3810,3916,4193,4005,4070,4212,4180,4095,4151,4289,4899,5064,5496,5842,6889,6866,7359,8004,8546
la Dreta de l'Eixample,Barri,No consta,-,5,6,6,8,39,47,28,33,32,25,25,20,13,12,18,12,10,7,17,16,17,14,13,10,8,9,12,17
l'Antiga Esquerra de l'Eixample,Barri,España,38201,38389,38033,37370,36807,37148,36238,35535,34909,34601,34425,34087,33711,33757,33699,33733,33666,33678,33877,33857,33598,33258,32702,32133,31607,31079,30600,30574,30495
l'Antiga Esquerra de l'Eixample,Barri,Resto de la Unión Europea,303,339,375,418,501,790,1077,1365,1626,1911,2417,2887,3180,3079,2777,2945,3191,3317,3270,3356,3516,3652,4099,4304,4128,4401,4463,4691,4932
l'Antiga Esquerra de l'Eixample,Barri,Resto del mundo,669,854,1002,1173,1819,2798,3817,4263,4904,5215,4348,4581,5019,4853,4926,5033,4971,4724,4506,4674,5322,5613,6229,6695,7303,6877,7674,8529,8577
l'Antiga Esquerra de l'Eixample,Barri,No consta,-,-,6,-,-,24,31,22,29,25,23,26,16,8,14,11,10,9,9,8,8,11,9,11,8,8,14,14,17
la Nova Esquerra de l'Eixample,Barri,España,53972,53920,53647,53212,52479,52795,51961,50990,50197,49965,49389,49156,48820,48544,48362,48345,48114,47852,48202,48140,47795,47407,46872,46259,45465,44984,44518,44384,44517
la Nova Esquerra de l'Eixample,Barri,Resto de la Unión Europea,309,360,412,453,542,789,1058,1265,1595,1916,2441,2827,3015,3023,2762,2771,2965,3074,3041,3112,3400,3495,3953,4109,3840,4135,4156,4412,4653
la Nova Esquerra de l'Eixample,Barri,Resto del mundo,859,1001,1144,1432,2395,3800,5139,5981,6820,7326,6150,6347,6689,6439,6543,6754,6805,6694,6415,6439,7134,7351,7831,8268,8590,8186,8895,9481,9930
la Nova Esquerra de l'Eixample,Barri,No consta,-,-,-,-,8,38,33,8,15,14,18,15,8,7,9,6,6,5,6,8,8,12,12,12,11,9,15,22,22
Sant Antoni,Barri,España,35352,35476,35228,34762,34134,34203,33700,32979,32455,32091,31729,31740,31382,31115,30963,30981,30722,30536,30571,30548,30253,29899,29517,29208,28751,28444,28147,27923,27886
Sant Antoni,Barri,Resto de la Unión Europea,159,190,221,235,284,473,668,836,1080,1345,1904,2178,2473,2391,2178,2230,2369,2504,2599,2680,2868,2913,3256,3413,3150,3234,3279,3575,3807
Sant Antoni,Barri,Resto del mundo,492,629,765,970,1556,2545,3472,4130,4540,4833,4150,4315,4649,4620,4839,5118,5169,5049,4851,4995,5338,5534,5837,6328,6788,6486,6834,7189,7522
Sant Antoni,Barri,No consta,5,-,-,-,-,25,23,12,7,6,5,10,9,-,5,-,-,7,10,12,11,10,12,9,11,11,9,11,8
Sants-Montjuïc,Districte,España,162991,163912,162968,161036,158931,158194,155429,152756,150362,149241,147952,146992,146530,146732,146579,146706,146048,145763,147358,147304,146486,145178,144184,142962,141388,139816,139221,139646,140580
Sants-Montjuïc,Districte,Resto de la Unión Europea,449,541,636,737,907,1257,1726,2256,2954,3613,5377,6710,7332,7552,7020,7386,7927,8166,8336,8532,9184,9646,10938,11635,11206,11453,11262,11987,12755
Sants-Montjuïc,Districte,Resto del mundo,2167,2839,3402,4315,7546,12867,18629,21983,24888,27768,25028,27529,29633,28683,29117,29866,28752,26891,25101,25338,26697,27367,30339,33001,34415,32485,35444,39716,42922
Sants-Montjuïc,Districte,No consta,9,10,13,19,23,115,112,44,44,48,43,42,22,10,17,12,14,13,18,13,14,19,20,17,17,16,36,42,43
el Poble-sec,Barri,España,33022,33169,32906,32287,31597,31560,30897,30419,29828,29708,29486,29256,29061,29069,28887,28791,28429,28226,28502,28364,27994,27371,26961,26347,25993,25612,25344,25210,25332
el Poble-sec,Barri,Resto de la Unión Europea,106,143,177,209,271,399,531,713,1027,1328,1781,2139,2333,2483,2406,2653,2907,3057,3157,3257,3524,3636,4184,4439,4189,4231,4096,4315,4542
el Poble-sec,Barri,Resto del mundo,650,907,1191,1499,2646,4567,6730,7656,8533,9277,8179,8934,9283,8834,9243,9807,9663,9000,8561,8507,8865,8786,9284,9399,10019,9296,9332,9643,10420
el Poble-sec,Barri,No consta,-,-,-,-,-,51,46,5,6,6,7,5,-,-,-,-,-,-,-,-,-,8,11,-,-,-,6,9,6
la Marina del Prat Vermell,Barri,España,1799,1754,1834,1779,1737,1621,1496,1397,1244,1176,1132,1104,1069,1050,1025,1057,1062,1027,1024,1059,1055,1055,1068,1060,1158,1298,1387,1513,2149
la Marina del Prat Vermell,Barri,Resto de la Unión Europea,-,-,-,-,6,5,6,6,5,-,5,9,5,-,6,5,12,16,13,8,9,11,12,13,28,41,86,129,214
la Marina del Prat Vermell,Barri,Resto del mundo,8,7,15,22,21,42,40,53,58,69,68,77,81,82,88,88,98,100,85,79,87,95,119,154,170,178,205,335,513
la Marina del Prat Vermell,Barri,No consta,-,-,-,-,-,-,-,-,-,-,-,-,-,-,-,-,-,-,-,-,-,-,-,-,-,-,-,-,-
la Marina de Port,Barri,España,26816,27107,26959,26906,26845,26819,26542,26266,26121,25938,25770,25584,25645,25802,25972,26148,26098,26041,26312,26395,26325,26096,25871,25797,25518,25144,24880,24805,24805
la Marina de Port,Barri,Resto de la Unión Europea,47,52,60,69,86,125,169,219,262,285,500,641,688,672,638,645,657,669,696,680,721,785,842,892,886,903,907,973,997
la Marina de Port,Barri,Resto del mundo,221,254,309,408,693,1148,1814,2322,2837,3355,3155,3486,3800,3632,3626,3651,3521,3340,3228,3321,3574,3869,4374,4661,4687,4379,4649,5181,5843
la Marina de Port,Barri,No consta,-,-,-,-,-,11,11,6,-,7,5,-,-,-,-,-,-,-,-,-,-,-,-,-,-,-,-,-,-
la Font de la Guatlla,Barri,España,8887,9104,9174,9083,8983,9025,8909,8739,8606,8462,8367,8308,8307,8380,8348,8378,8370,8404,8464,8414,8401,8320,8167,8112,7933,7904,7836,7877,7854
la Font de la Guatlla,Barri,Resto de la Unión Europea,37,36,39,40,53,80,119,160,198,224,321,430,479,502,479,505,566,600,625,614,637,640,731,714,661,682,676,710,753
la Font de la Guatlla,Barri,Resto del mundo,114,137,165,226,364,621,840,1027,1309,1469,1441,1333,1430,1399,1387,1391,1375,1306,1282,1287,1383,1346,1474,1551,1645,1771,1980,2105,2250
la Font de la Guatlla,Barri,No consta,-,-,-,-,-,5,5,-,-,-,-,-,-,-,-,-,-,-,-,-,-,-,-,-,-,-,7,7,-
Hostafrancs,Barri,España,14324,14389,14226,14037,13689,13454,13216,13111,12837,12868,12762,12709,12573,12577,12548,12434,12429,12332,12546,12593,12423,12253,12135,12005,11796,11615,11595,11548,11506
Hostafrancs,Barri,Resto de la Unión Europea,55,66,77,88,104,148,181,248,325,384,594,759,788,767,688,729,741,825,881,915,973,1054,1189,1277,1210,1253,1227,1277,1360
Hostafrancs,Barri,Resto del mundo,273,348,358,411,670,1138,1809,2087,2309,2589,2251,2469,2651,2617,2618,2876,2808,2512,2331,2407,2553,2661,2829,2916,3090,2990,3143,3364,3931
Hostafrancs,Barri,No consta,-,-,-,-,-,9,6,-,-,-,5,-,-,-,-,-,-,-,-,-,-,-,-,5,6,-,-,-,-
la Bordeta,Barri,España,17048,17280,17255,17287,17312,17350,17055,16857,16592,16321,16278,16162,16153,16055,15942,15991,15997,15956,16162,16211,16121,16305,16507,16478,16317,16271,16219,16249,16355
la Bordeta,Barri,Resto de la Unión Europea,38,39,53,61,65,84,134,169,210,262,396,470,498,514,448,440,511,505,499,517,542,592,679,731,745,758,812,908,985
la Bordeta,Barri,Resto del mundo,202,249,281,325,617,987,1355,1731,1864,2126,1974,2088,2187,2076,2101,2173,2072,1934,1718,1788,1896,1933,2255,2357,2388,2196,2691,3232,3895
la Bordeta,Barri,No consta,-,-,5,-,-,8,-,-,-,-,-,-,-,-,-,-,-,-,5,-,-,-,-,-,-,-,6,-,7
Sants - Badal,Barri,España,23334,23385,23239,22790,22325,22214,21758,21258,20892,20757,20435,20271,20099,20168,20140,20096,20015,19979,20180,20040,19928,19787,19806,19714,19615,19191,19081,19211,19241
Sants - Badal,Barri,Resto de la Unión Europea,55,66,81,84,104,135,191,242,305,372,624,738,806,806,707,747,770,759,732,764,818,864,963,1060,1022,1021,948,1014,1088
Sants - Badal,Barri,Resto del mundo,265,349,418,569,1043,1743,2382,2798,3049,3399,3053,3249,3360,3372,3491,3746,3568,3384,3100,3128,3299,3365,3703,4161,4263,3994,4336,4704,5001
Sants - Badal,Barri,No consta,-,-,-,-,-,11,20,15,18,17,9,12,-,-,-,-,-,-,-,-,-,-,-,-,-,-,-,-,8
Sants,Barri,España,37761,37724,37375,36867,36443,36151,35556,34709,34242,34011,33722,33598,33623,33631,33717,33811,33648,33798,34168,34228,34239,33991,33669,33449,33058,32781,32879,33233,33338
Sants,Barri,Resto de la Unión Europea,109,137,146,182,218,281,395,499,622,755,1156,1524,1735,1805,1648,1662,1763,1735,1733,1777,1960,2064,2338,2509,2465,2564,2510,2661,2816
Sants,Barri,Resto del mundo,434,588,665,855,1492,2621,3659,4309,4929,5484,4907,5893,6841,6671,6563,6134,5647,5315,4796,4821,5040,5312,6301,7802,8153,7681,9108,11152,11069
Sants,Barri,No consta,-,-,-,6,6,16,18,13,12,14,14,14,8,-,-,-,-,-,6,5,5,-,-,-,-,-,11,17,16
Les Corts,Districte,España,79597,80431,80122,79918,78990,78440,77196,75782,74519,73629,72946,72639,72235,72169,72059,72154,71966,71862,72539,72580,72274,71835,71353,70659,69499,69119,68582,68380,68420
Les Corts,Districte,Resto de la Unión Europea,718,800,885,978,1064,1378,1688,1922,2203,2395,2926,3263,3552,3367,3067,3200,3283,3232,3131,3180,3309,3399,3645,3816,3526,3706,3912,4260,4461
Les Corts,Districte,Resto del mundo,916,1118,1264,1533,2198,3164,4519,5265,5999,6618,5486,6329,7386,7200,7201,6998,6453,6093,5849,5940,6606,6935,7582,8147,8538,8243,9643,10896,11499
Les Corts,Districte,No consta,11,14,15,14,17,42,42,26,27,30,21,14,10,14,10,5,9,9,10,8,12,13,11,13,13,6,17,15,13
les Corts,Barri,España,45113,45678,45569,45375,44863,44539,43719,42853,42195,42005,41656,41639,41347,41232,41184,41186,41057,40986,41256,41192,41000,40780,40607,40268,39474,39313,38799,38627,38614
les Corts,Barri,Resto de la Unión Europea,311,346,404,437,479,597,733,857,998,1092,1381,1603,1775,1650,1546,1605,1621,1639,1562,1588,1620,1715,1847,1916,1839,1926,2050,2239,2314
les Corts,Barri,Resto del mundo,451,561,627,746,1113,1582,2332,2761,3208,3591,2920,3680,4491,4432,4365,4026,3541,3360,3177,3190,3477,3649,4136,4536,4619,4416,5106,5861,6117
les Corts,Barri,No consta,7,10,11,10,13,21,20,12,13,10,8,6,5,5,-,-,-,-,8,6,7,8,9,11,11,5,10,13,12
la Maternitat i Sant Ramon,Barri,España,24089,24157,24028,24004,23712,23410,23138,22740,22249,21764,21517,21287,21183,21138,21067,21111,21019,21033,21318,21375,21275,21147,20934,20689,20418,20171,20060,19982,19980
la Maternitat i Sant Ramon,Barri,Resto de la Unión Europea,131,149,160,175,182,251,349,405,446,496,663,704,763,738,637,647,661,642,668,663,702,748,832,911,840,919,977,1041,1147
la Maternitat i Sant Ramon,Barri,Resto del mundo,234,275,322,406,628,1007,1437,1648,1870,2014,1728,1792,1986,1884,1901,2028,1992,1877,1824,1830,2003,2088,2225,2366,2565,2593,3015,3288,3559
la Maternitat i Sant Ramon,Barri,No consta,-,-,-,-,-,13,14,-,-,-,-,-,-,-,-,-,-,-,-,-,-,-,-,-,-,-,7,-,-
Pedralbes,Barri,España,10395,10596,10525,10539,10415,10491,10339,10189,10075,9860,9773,9713,9705,9799,9808,9857,9890,9843,9965,10013,9999,9908,9812,9702,9607,9635,9723,9771,9826
Pedralbes,Barri,Resto de la Unión Europea,276,305,321,366,403,530,606,660,759,807,882,956,1014,979,884,948,1001,951,901,929,987,936,966,989,847,861,885,980,1000
Pedralbes,Barri,Resto del mundo,231,282,315,381,457,575,750,856,921,1013,838,857,909,884,935,944,920,856,848,920,1126,1198,1221,1245,1354,1234,1522,1747,1823
Pedralbes,Barri,No consta,-,-,-,-,-,8,8,11,11,16,9,6,-,7,5,-,5,-,-,-,5,-,-,-,-,-,-,-,-
Sarrià-Sant Gervasi,Districte,España,124985,126836,127245,127465,127178,129373,128330,126831,126303,125714,125857,125875,125971,126990,127720,128640,128949,129091,130405,131487,131538,131233,130245,129705,127469,126282,125253,124791,125037
Sarrià-Sant Gervasi,Districte,Resto de la Unión Europea,1865,2068,2207,2307,2562,3298,3895,4492,5099,5617,6660,7350,7703,7397,6707,6921,7335,7563,7504,7699,8181,8339,9189,9517,8765,9338,9792,10385,11006
Sarrià-Sant Gervasi,Districte,Resto del mundo,1668,1862,2107,2459,3321,5012,7102,8397,9545,10203,8320,9185,10731,10082,9915,9691,9204,9099,8921,8962,9986,10241,10994,11923,12955,12570,14730,16685,17606
Sarrià-Sant Gervasi,Districte,No consta,-,-,5,10,14,75,78,29,30,40,45,51,26,16,13,17,27,20,18,24,29,24,18,12,12,11,29,29,24
"Vallvidrera, el Tibidabo i les Planes",Barri,España,2927,3057,2985,3053,3070,3207,3277,3314,3358,3434,3520,3620,3800,3801,3847,3896,3900,3921,3996,4024,4020,4025,3981,3976,4015,4034,4028,4013,4025
"Vallvidrera, el Tibidabo i les Planes",Barri,Resto de la Unión Europea,72,72,90,96,111,133,142,177,191,221,263,292,297,276,262,298,331,370,391,401,421,455,495,470,428,451,438,463,478
"Vallvidrera, el Tibidabo i les Planes",Barri,Resto del mundo,34,42,42,50,63,85,143,180,190,223,157,170,190,188,179,213,212,225,217,216,248,230,251,264,317,320,365,424,458
"Vallvidrera, el Tibidabo i les Planes",Barri,No consta,-,-,-,-,-,-,-,-,-,-,-,-,-,-,-,-,-,-,-,-,-,-,-,-,-,-,-,-,-
Sarrià,Barri,España,20015,20454,20611,20612,20494,20828,20832,20695,20715,20546,20504,20607,20686,20969,21225,21419,21498,21567,21767,21873,21925,21770,21520,21515,21002,20904,20818,20736,20758
Sarrià,Barri,Resto de la Unión Europea,320,384,445,476,541,659,775,920,1024,1081,1278,1414,1512,1466,1367,1476,1620,1638,1609,1639,1694,1732,1882,1941,1737,1822,1837,1941,2037
Sarrià,Barri,Resto del mundo,224,276,360,467,591,897,1223,1439,1633,1698,1333,1347,1414,1323,1323,1381,1384,1322,1260,1291,1477,1605,1728,1783,2027,1901,2196,2433,2484
Sarrià,Barri,No consta,-,-,-,-,-,22,21,8,7,5,-,-,-,5,5,-,8,-,-,7,10,9,7,-,-,5,7,-,-
les Tres Torres,Barri,España,12826,13082,13262,13308,13488,13987,14032,13941,13911,13767,13848,13884,13940,14222,14287,14436,14508,14562,14810,15053,15121,15120,14986,14886,14559,14326,14247,14187,14053
les Tres Torres,Barri,Resto de la Unión Europea,231,260,267,284,325,440,504,526,570,607,692,746,739,681,593,586,592,606,623,600,654,655,723,726,677,692,755,801,854
les Tres Torres,Barri,Resto del mundo,149,163,183,193,296,458,634,734,860,926,730,719,866,826,866,899,934,997,1068,831,922,938,986,1032,1120,1088,1272,1403,1468
les Tres Torres,Barri,No consta,-,-,-,-,-,7,7,-,-,-,-,-,-,-,-,-,-,-,-,-,-,-,-,-,-,-,-,-,-
Sant Gervasi - la Bonanova,Barri,España,21184,21564,21657,21802,21779,22085,21896,21760,21704,21521,21554,21573,21561,22043,22197,22419,22465,22588,22794,23026,22907,22931,22802,22637,22284,22077,21933,22010,22013
Sant Gervasi - la Bonanova,Barri,Resto de la Unión Europea,318,346,364,386,400,485,548,613,687,725,874,1019,1118,1106,1045,1045,1105,1108,1027,1048,1135,1108,1294,1339,1283,1345,1465,1552,1606
Sant Gervasi - la Bonanova,Barri,Resto del mundo,234,231,253,308,447,685,1025,1164,1337,1441,1174,1802,2603,2555,2397,1961,1559,1576,1541,1682,1862,1850,2012,2269,2417,2270,2734,3186,3210
Sant Gervasi - la Bonanova,Barri,No consta,-,-,-,-,-,6,6,-,-,7,5,5,-,-,-,-,-,-,6,5,5,-,-,-,-,-,-,-,7
Sant Gervasi - Galvany,Barri,España,42318,42503,42607,42617,42508,43009,42365,41514,41241,41252,41363,41268,41158,41037,41157,41330,41461,41313,41597,41862,41884,41785,41528,41219,40478,40045,39587,39361,39564
Sant Gervasi - Galvany,Barri,Resto de la Unión Europea,600,650,668,686,757,993,1196,1396,1629,1797,2121,2293,2355,2236,1946,1982,2072,2202,2220,2325,2545,2585,2793,2872,2690,2990,3216,3360,3661
Sant Gervasi - Galvany,Barri,Resto del mundo,675,765,810,898,1151,1762,2421,2894,3261,3425,2777,2918,3304,3011,3022,3045,3001,2935,2893,2963,3380,3438,3665,3880,4173,4143,4861,5663,6225
Sant Gervasi - Galvany,Barri,No consta,-,-,-,-,-,26,31,15,13,18,23,22,13,7,-,8,14,11,-,6,7,11,7,5,5,-,10,14,11
el Putxet i el Farró,Barri,España,25715,26176,26123,26073,25839,26257,25928,25607,25374,25194,25068,24923,24826,24918,25007,25140,25117,25140,25441,25649,25681,25602,25428,25472,25131,24896,24640,24484,24624
el Putxet i el Farró,Barri,Resto de la Unión Europea,324,356,373,379,428,588,730,860,998,1186,1432,1586,1682,1632,1494,1534,1615,1639,1634,1686,1732,1804,2002,2169,1950,2038,2081,2268,2370
el Putxet i el Farró,Barri,Resto del mundo,352,385,459,543,773,1125,1656,1986,2264,2490,2149,2229,2354,2179,2128,2192,2114,2044,1942,1979,2097,2180,2352,2695,2901,2848,3302,3576,3761
el Putxet i el Farró,Barri,No consta,-,-,5,5,-,13,12,-,6,9,13,19,9,-,-,-,-,-,7,-,5,-,-,-,-,-,7,7,-
Gràcia,Districte,España,112432,112904,112274,110836,109368,110023,108369,106835,105311,104763,103857,103509,103127,102697,102391,102543,102051,101739,102348,102495,101837,101124,100338,99416,97931,96320,95411,95408,95683
Gràcia,Districte,Resto de la Unión Europea,787,894,999,1081,1256,1883,2403,3110,3901,4624,5922,7095,7748,7834,7108,7548,7899,8127,8270,8487,8916,9089,10271,10922,10277,10846,10953,11784,12310
Gràcia,Districte,Resto del mundo,1184,1446,1722,2154,3503,5918,8329,9845,11086,11950,10182,11295,12915,12440,11972,11726,11031,10392,9802,10073,10985,11544,12428,13488,15045,14725,16535,18567,19578
Gràcia,Districte,No consta,8,10,10,19,24,86,89,49,58,61,60,47,14,7,12,14,16,25,25,33,34,32,23,26,23,24,29,28,32
Vallcarca i els Penitents,Barri,España,14015,14067,13897,13749,13755,13976,13724,13652,13485,13516,13410,13372,13416,13404,13432,13509,13511,13477,13602,13653,13701,13728,13671,13668,13537,13358,13372,13366,13361
Vallcarca i els Penitents,Barri,Resto de la Unión Europea,149,155,160,170,188,258,311,399,470,555,670,754,813,776,716,747,760,766,809,820,860,893,983,1082,1028,1056,1059,1133,1226
Vallcarca i els Penitents,Barri,Resto del mundo,124,144,184,236,441,826,1129,1324,1532,1590,1335,1337,1465,1301,1297,1261,1223,1197,1107,1154,1260,1363,1454,1595,1760,1667,1898,2178,2331
Vallcarca i els Penitents,Barri,No consta,-,-,-,-,-,8,9,6,6,8,7,6,-,-,-,-,-,-,-,-,-,-,-,-,-,-,-,-,-
el Coll,Barri,España,6557,6560,6570,6511,6459,6487,6438,6443,6353,6298,6275,6342,6256,6221,6221,6197,6149,6167,6321,6373,6363,6353,6303,6235,6214,6162,6179,6184,6207
el Coll,Barri,Resto de la Unión Europea,49,49,52,57,61,76,115,136,169,193,251,287,330,378,362,351,352,362,404,397,402,386,450,465,443,458,431,492,554
el Coll,Barri,Resto del mundo,52,64,69,98,157,288,463,562,615,710,574,670,706,628,705,742,726,672,626,621,663,721,765,917,1031,991,1130,1267,1330
el Coll,Barri,No consta,-,-,-,-,-,-,-,-,-,-,-,5,-,-,-,-,-,-,-,-,-,-,-,-,-,-,-,-,-
la Salut,Barri,España,12643,12720,12824,12706,12519,12443,12251,12035,11888,11821,11673,11679,11661,11724,11557,11554,11585,11596,11613,11546,11518,11441,11393,11309,11189,11162,11072,11010,11100
la Salut,Barri,Resto de la Unión Europea,97,110,113,115,140,182,216,288,347,394,529,601,633,637,598,622,682,688,729,676,697,742,852,891,837,843,915,974,1051
la Salut,Barri,Resto del mundo,118,126,155,202,319,501,710,856,959,936,791,894,951,965,991,1009,930,873,878,899,988,1074,1184,1275,1426,1329,1501,1693,1864
la Salut,Barri,No consta,-,-,-,-,-,8,8,-,5,8,8,8,-,-,-,-,-,-,-,-,-,-,-,-,-,-,-,-,-
la Vila de Gràcia,Barri,España,45991,46040,45641,44958,44165,44579,43890,43076,42515,42153,41931,41741,41579,41251,41186,41282,40937,40864,40998,40982,40481,39922,39452,38891,38104,37324,36891,36907,37036
la Vila de Gràcia,Barri,Resto de la Unión Europea,334,410,460,503,607,987,1248,1630,2123,2518,3195,3906,4300,4434,3934,4176,4409,4626,4683,4801,5063,5079,5673,5996,5576,5870,5808,6174,6391
la Vila de Gràcia,Barri,Resto del mundo,620,776,882,1058,1621,2738,3801,4515,5101,5517,4793,5622,6747,6623,6060,5637,5278,4935,4746,4871,5324,5404,5662,6022,6760,6646,7335,7977,8385
la Vila de Gràcia,Barri,No consta,6,8,8,12,17,48,51,35,44,39,39,26,7,6,10,9,12,15,14,16,17,16,16,17,16,12,14,17,21
el Camp d'en Grassot i Gràcia Nova,Barri,España,33226,33517,33342,32912,32470,32538,32066,31629,31070,30975,30568,30375,30215,30097,29995,30001,29869,29635,29814,29941,29774,29680,29519,29313,28887,28314,27897,27941,27979
el Camp d'en Grassot i Gràcia Nova,Barri,Resto de la Unión Europea,158,170,214,236,260,380,513,657,792,964,1277,1547,1672,1609,1498,1652,1696,1685,1645,1793,1894,1989,2313,2488,2393,2619,2740,3011,3088
el Camp d'en Grassot i Gràcia Nova,Barri,Resto del mundo,270,336,432,560,965,1565,2226,2588,2879,3197,2689,2772,3046,2923,2919,3077,2874,2715,2445,2528,2750,2982,3363,3679,4068,4092,4671,5452,5668
el Camp d'en Grassot i Gràcia Nova,Barri,No consta,-,-,-,-,-,19,18,-,-,-,-,-,-,-,-,-,-,6,9,13,13,12,-,-,-,8,11,8,8
Horta-Guinardó,Districte,España,166711,166931,165377,163358,161216,160900,158194,155359,152987,150913,149229,148196,147730,147703,147269,146918,146139,146217,147318,147814,147755,147206,146423,145647,143951,142853,142699,143194,143772
Horta-Guinardó,Districte,Resto de la Unión Europea,446,466,512,578,687,975,1228,1579,2061,2395,3525,4255,4744,4810,4479,4581,4821,4876,4916,5040,5333,5776,6498,7053,6884,7064,7070,7739,8296
Horta-Guinardó,Districte,Resto del mundo,1117,1413,1734,2141,4156,7408,10637,12644,14433,16029,14976,17214,18874,18237,18012,17479,16833,15822,14288,14529,15884,17064,19333,21889,23098,22179,25769,29191,30924
Horta-Guinardó,Districte,No consta,-,-,5,9,16,90,87,19,21,23,11,15,11,7,-,6,7,9,8,7,9,7,12,9,11,13,12,14,17
el Baix Guinardó,Barri,España,24711,24701,24509,24143,23825,23811,23365,22929,22625,22620,22542,22436,22312,22332,22358,22325,22123,22162,22226,22246,22249,22101,22023,21925,21386,21018,20851,20886,20855
el Baix Guinardó,Barri,Resto de la Unión Europea,88,89,96,115,139,194,255,335,468,528,756,869,957,950,875,886,907,962,1032,1065,1115,1200,1312,1377,1362,1494,1509,1681,1763
el Baix Guinardó,Barri,Resto del mundo,228,315,373,498,874,1433,1872,2212,2384,2703,2439,2690,2840,2734,2766,2694,2616,2410,2214,2251,2369,2490,2652,2876,3091,3075,3357,3709,3912
el Baix Guinardó,Barri,No consta,-,-,-,5,9,17,20,-,5,6,-,-,-,-,-,-,-,-,-,-,-,-,-,-,-,-,-,-,6
Can Baró,Barri,España,8767,8951,8829,8703,8593,8639,8466,8271,8113,8040,7988,7956,7917,7867,7783,7762,7707,7664,7667,7806,7751,7760,7719,7661,7605,7566,7526,7577,7548
Can Baró,Barri,Resto de la Unión Europea,29,29,33,40,53,68,78,103,145,170,243,275,322,364,309,346,360,372,365,382,421,436,501,563,555,563,535,566,615
Can Baró,Barri,Resto del mundo,72,88,91,115,202,337,526,588,718,731,700,844,921,893,833,894,906,823,790,779,846,873,1025,1105,1159,1141,1359,1381,1508
Can Baró,Barri,No consta,-,-,-,-,-,-,-,-,-,-,-,-,-,-,-,-,-,-,-,-,-,-,-,-,-,-,-,-,-
el Guinardó,Barri,España,34152,34103,33832,33360,33091,33047,32494,31933,31610,31090,30703,30387,30364,30466,30564,30525,30448,30593,31167,31437,31477,31459,31216,31110,30730,30520,30475,30417,30675
el Guinardó,Barri,Resto de la Unión Europea,127,136,148,160,193,268,349,433,546,622,856,996,1112,1163,1070,1109,1193,1176,1200,1270,1364,1531,1746,1875,1800,1853,1872,2037,2197
el Guinardó,Barri,Resto del mundo,272,344,459,527,996,1698,2449,2836,3183,3649,3480,3780,4138,4038,4057,4019,4068,3768,3416,3468,3695,3899,4252,4597,4791,4617,5224,5696,6185
el Guinardó,Barri,No consta,-,-,-,-,-,16,14,-,5,9,5,6,6,-,-,-,-,-,-,-,-,-,-,-,-,-,-,-,-
la Font d'en Fargues,Barri,España,9761,9801,9773,9705,9625,9579,9499,9388,9319,9104,9139,9124,9059,8968,8934,8929,8906,8875,8887,8918,8849,8821,8814,8725,8652,8700,8785,8792,8781
la Font d'en Fargues,Barri,Resto de la Unión Europea,34,38,38,35,41,51,59,76,95,107,163,190,219,230,212,222,217,195,187,177,190,236,275,313,295,289,311,338,348
la Font d'en Fargues,Barri,Resto del mundo,15,20,32,44,81,144,203,251,296,359,297,349,387,382,375,409,376,367,325,307,351,389,417,506,558,538,613,707,823
la Font d'en Fargues,Barri,No consta,-,-,-,-,-,-,-,-,-,-,-,-,-,-,-,-,-,-,-,-,-,-,-,-,-,-,-,-,-
el Carmel,Barri,España,33580,33596,33046,32404,31780,31511,30800,30062,29346,28808,28222,27792,27789,27732,27603,27522,27394,27348,27538,27381,27244,27060,26790,26469,26248,25984,25842,25870,25939
el Carmel,Barri,Resto de la Unión Europea,45,48,64,76,83,117,143,175,238,282,510,645,737,734,711,721,761,776,767,790,830,889,1019,1149,1136,1121,1110,1193,1263
el Carmel,Barri,Resto del mundo,196,216,261,323,677,1450,2139,2664,3091,3519,3546,3826,4089,3871,3770,3743,3642,3531,3142,3205,3508,3883,4366,4894,5340,5013,5557,5971,6488
el Carmel,Barri,No consta,-,-,-,-,-,19,19,7,-,-,-,-,-,-,-,-,-,-,-,-,-,-,-,-,-,-,-,-,-
la Teixonera,Barri,España,11221,11232,11192,11162,11041,11107,10850,10686,10525,10307,10209,10160,10019,9996,10032,10001,9940,9938,9993,9912,10054,10003,9906,9786,9837,9770,9743,9818,9772
la Teixonera,Barri,Resto de la Unión Europea,18,19,24,25,32,41,61,85,121,139,260,324,356,349,316,330,342,340,333,309,303,338,395,426,426,422,426,486,514
la Teixonera,Barri,Resto del mundo,97,128,161,180,405,680,1040,1255,1436,1480,1279,1454,1530,1482,1440,1438,1376,1155,1033,1059,1276,1308,1486,1714,1780,1725,1917,2128,2319
la Teixonera,Barri,No consta,-,-,-,-,-,5,-,-,-,-,-,-,-,-,-,-,-,-,-,-,-,-,-,-,-,-,-,-,-
Sant Genís dels Agudells,Barri,España,7110,7087,7014,6951,6797,6818,6689,6520,6396,6321,6223,6146,6152,6188,6104,6077,6008,6033,6013,5945,5936,5979,5999,5978,5921,5865,5867,5990,6014
Sant Genís dels Agudells,Barri,Resto de la Unión Europea,31,28,27,30,38,60,72,81,94,115,146,170,195,175,154,146,167,163,148,158,179,194,203,231,240,233,237,275,292
Sant Genís dels Agudells,Barri,Resto del mundo,65,72,80,87,159,306,452,535,642,700,660,775,827,758,726,725,727,656,560,591,712,838,1044,1181,1223,1163,1281,1501,1519
Sant Genís dels Agudells,Barri,No consta,-,-,-,-,-,-,-,-,-,-,-,-,-,-,-,-,-,-,-,-,-,-,-,-,-,-,-,-,-
Montbau,Barri,España,5251,5239,5128,5034,4951,4987,4903,4812,4751,4697,4608,4647,4673,4714,4633,4570,4535,4497,4525,4553,4520,4456,4420,4367,4287,4197,4225,4226,4191
Montbau,Barri,Resto de la Unión Europea,8,8,8,10,12,22,16,25,36,53,58,74,86,87,91,97,105,100,98,94,120,122,155,180,179,198,181,196,213
Montbau,Barri,Resto del mundo,22,27,37,56,132,242,420,472,497,520,445,461,465,448,489,468,469,448,418,406,468,521,551,625,648,619,768,864,939
Montbau,Barri,No consta,-,-,-,-,-,-,-,-,-,-,-,-,-,-,-,-,-,-,-,-,-,-,-,-,-,-,-,-,-
la Vall d'Hebron,Barri,España,5373,5407,5428,5422,5328,5267,5201,5143,5062,4978,4882,4926,4953,5037,5027,5019,4954,4974,5019,5218,5262,5204,5253,5275,5282,5246,5214,5184,5224
la Vall d'Hebron,Barri,Resto de la Unión Europea,19,24,19,20,23,36,39,54,74,90,124,150,147,154,146,146,139,139,137,153,160,155,166,169,170,177,166,164,190
la Vall d'Hebron,Barri,Resto del mundo,54,74,73,101,157,306,443,513,554,596,433,483,446,414,391,402,397,377,311,316,370,378,384,442,480,446,494,541,576
la Vall d'Hebron,Barri,No consta,-,-,-,-,-,-,-,-,-,-,-,-,-,-,-,-,-,-,-,-,-,-,-,-,-,-,-,-,-
la Clota,Barri,España,443,450,453,446,434,420,416,414,421,414,387,386,370,365,359,347,338,416,452,513,546,575,591,600,590,576,597,730,892
la Clota,Barri,Resto de la Unión Europea,-,-,-,-,-,-,-,-,-,6,10,11,12,12,12,8,11,8,9,8,9,10,13,28,29,23,20,16,34
la Clota,Barri,Resto del mundo,-,11,14,13,20,33,46,47,52,66,60,58,82,76,93,97,90,97,81,69,56,72,82,81,79,70,82,95,145
Horta,Barri,España,26342,26364,26173,26028,25751,25714,25511,25201,24819,24534,24326,24236,24122,24038,23872,23841,23786,23717,23831,23885,23867,23788,23692,23751,23413,23411,23574,23704,23881
Horta,Barri,Resto de la Unión Europea,47,47,55,67,73,118,155,211,241,283,399,551,601,592,583,570,619,645,640,634,642,665,713,742,692,691,703,787,867
Horta,Barri,Resto del mundo,92,118,153,197,453,779,1047,1271,1580,1706,1637,2494,3149,3141,3072,2590,2166,2190,1998,2078,2233,2413,3074,3868,3949,3772,5117,6598,6510
Horta,Barri,No consta,-,-,-,-,-,19,18,-,-,-,-,-,-,-,-,-,-,-,-,-,-,-,-,-,-,-,-,-,-
Nou Barris,Districte,España,167864,167675,165224,162612,159359,157407,153771,150404,147001,144082,142341,140991,140170,139742,139282,138976,138630,138828,140564,140563,140361,139773,139261,138670,137326,136641,136750,138265,139451
Nou Barris,Districte,Resto de la Unión Europea,259,276,289,321,343,489,637,779,1009,1173,2171,2788,2964,2866,2771,2790,2762,2852,2776,2795,2949,3128,3518,3718,3628,3632,3676,3921,4263
Nou Barris,Districte,Resto del mundo,868,1125,1528,2156,4608,8306,12117,15385,17978,20960,21059,24250,26672,25462,25561,25562,24410,22825,21289,21606,23489,25418,28504,31618,32590,30446,33768,37389,39024
Nou Barris,Districte,No consta,6,-,6,6,6,59,62,20,21,22,17,17,10,10,7,6,7,9,8,7,6,8,7,6,8,17,21,15,17
Vilapicina i la Torre Llobeta,Barri,España,24674,24677,24664,24443,24234,24239,23857,23408,23078,22773,22567,22496,22366,22296,22060,22158,22126,22145,22361,22365,22254,22141,21972,21902,21659,21610,21438,21499,21537
Vilapicina i la Torre Llobeta,Barri,Resto de la Unión Europea,48,48,50,57,71,115,148,173,217,254,416,493,516,474,417,438,451,491,509,494,527,574,638,677,663,690,673,734,804
Vilapicina i la Torre Llobeta,Barri,Resto del mundo,143,205,246,333,690,1316,1856,2175,2418,2695,2575,2767,3042,2864,2942,2922,2970,2693,2572,2661,2835,2957,3282,3502,3551,3364,3805,4057,4203
Vilapicina i la Torre Llobeta,Barri,No consta,-,-,-,-,-,5,6,-,-,-,-,-,-,-,-,-,-,-,-,-,-,-,-,-,-,-,-,-,-
Porta,Barri,España,23953,23897,23731,23400,22971,22784,22240,21642,21192,20827,20875,20778,20667,20644,20692,20715,20585,20702,21045,21243,21292,21287,21204,21131,20834,20778,21069,21505,21565
Porta,Barri,Resto de la Unión Europea,45,57,58,72,66,78,104,127,173,202,287,432,482,442,446,400,397,430,379,426,460,510,615,635,636,636,661,696,713
Porta,Barri,Resto del mundo,162,187,219,300,759,1199,1443,1779,1936,2277,2341,3175,4183,4080,3947,3698,3369,3201,2873,2896,3292,3770,4736,6046,6325,5979,7245,9125,9081
Porta,Barri,No consta,-,-,-,-,-,12,15,7,7,9,5,5,-,-,-,-,-,-,-,-,-,-,-,-,-,-,-,-,-
el Turó de la Peira,Barri,España,14712,14571,14239,13965,13661,13400,12970,12738,12474,12072,11891,11779,11719,11792,11904,11857,11862,11951,12225,12269,12231,12172,12133,12203,12083,12117,12209,12462,12679
el Turó de la Peira,Barri,Resto de la Unión Europea,20,24,22,26,29,43,56,89,105,115,187,218,245,237,228,242,254,240,237,230,242,274,300,321,297,306,331,367,427
el Turó de la Peira,Barri,Resto del mundo,106,145,322,479,798,1221,1768,2196,2631,2976,2965,3186,3375,3310,3293,3470,3316,3159,2866,2834,2992,3128,3349,3703,3803,3599,3751,3987,4345
el Turó de la Peira,Barri,No consta,-,-,-,-,-,-,-,-,-,-,-,-,-,-,-,-,-,-,-,-,-,-,-,-,-,-,-,-,5
Can Peguera,Barri,España,2256,2307,2258,2211,2154,2114,2077,2056,2057,2060,2057,2070,2079,2132,2142,2127,2109,2122,2113,2095,2096,2065,2045,2015,1968,1963,1971,1963,1935
Can Peguera,Barri,Resto de la Unión Europea,-,-,-,-,-,-,-,-,-,-,14,12,16,20,23,22,19,25,32,27,27,24,26,26,25,29,21,28,31
Can Peguera,Barri,Resto del mundo,18,24,28,33,31,36,48,49,62,66,67,63,66,63,75,89,101,114,130,133,150,181,218,233,222,195,178,189,204
la Guineueta,Barri,España,17081,16931,16680,16338,15975,15567,15236,15214,14913,14711,14571,14350,14225,14127,14028,13966,13953,13922,14033,13954,14034,14029,13917,13777,13526,13445,13440,13450,13512
la Guineueta,Barri,Resto de la Unión Europea,19,24,25,28,27,35,61,74,99,110,191,218,227,244,223,220,226,218,217,237,249,250,273,290,267,267,263,286,296
la Guineueta,Barri,Resto del mundo,54,74,90,130,263,447,670,789,850,873,763,859,910,928,1012,996,947,917,847,859,964,1014,1208,1353,1474,1340,1557,1636,1847
la Guineueta,Barri,No consta,-,-,-,-,-,-,-,-,-,-,-,-,-,-,-,-,-,-,-,-,-,-,-,-,-,-,5,-,-
Canyelles,Barri,España,8719,8656,8471,8346,8103,8059,7843,7651,7450,7267,7135,7060,7025,6965,6872,6804,6742,6648,6673,6628,6560,6562,6477,6408,6364,6301,6252,6211,6208
Canyelles,Barri,Resto de la Unión Europea,11,12,10,10,9,14,22,25,28,35,47,53,53,54,59,56,65,72,58,50,50,52,63,74,72,73,66,59,56
Canyelles,Barri,Resto del mundo,14,19,22,29,47,111,186,198,244,292,329,358,362,286,308,333,301,260,221,247,253,271,344,387,377,413,467,526,552
Canyelles,Barri,No consta,-,-,-,-,-,-,-,-,-,-,-,-,-,-,-,-,-,-,-,-,-,-,-,-,-,-,-,-,-
les Roquetes,Barri,España,15508,15521,15192,14913,14553,14538,14201,13867,13453,13138,12883,12666,12618,12553,12521,12496,12442,12448,12467,12421,12401,12341,12415,12343,12432,12336,12246,12320,12442
les Roquetes,Barri,Resto de la Unión Europea,21,22,22,24,21,32,50,62,83,93,308,393,413,439,422,392,386,409,383,392,404,379,413,433,422,387,405,436,453
les Roquetes,Barri,Resto del mundo,107,133,168,207,493,896,1337,1880,2173,2600,2465,2882,3151,3000,3044,3140,2946,2708,2550,2597,2826,3043,3401,3618,3709,3433,3871,4184,4425
les Roquetes,Barri,No consta,-,-,-,-,-,9,8,-,-,-,-,-,-,-,-,-,-,-,-,-,-,-,-,-,-,-,-,-,-
Verdun,Barri,España,12795,12688,12489,12212,11805,11556,11266,10979,10719,10457,10320,10301,10185,10188,10178,10202,10101,9960,10161,10104,10059,9991,9830,9826,9768,9678,9686,9908,10086
Verdun,Barri,Resto de la Unión Europea,23,24,24,27,29,43,45,52,60,89,169,210,206,204,186,210,190,220,230,220,236,257,277,303,300,297,311,336,368
Verdun,Barri,Resto del mundo,101,124,136,180,454,830,1075,1288,1409,1625,1610,1893,2002,1919,1938,2035,2045,1939,1834,1937,2073,2197,2471,2669,2797,2583,2777,2950,3057
Verdun,Barri,No consta,-,-,-,-,-,5,5,-,-,-,-,-,-,-,-,-,-,-,-,-,-,-,-,-,-,-,-,-,-
la Prosperitat,Barri,España,27757,27729,27055,26571,26110,25761,25202,24525,23941,23563,23156,22822,22697,22575,22530,22430,22373,22440,22595,22656,22540,22350,22398,22275,22015,21777,21673,21870,21998
la Prosperitat,Barri,Resto de la Unión Europea,32,28,33,31,33,58,76,84,131,136,292,398,447,385,347,379,406,368,355,357,379,422,475,518,515,508,531,582,692
la Prosperitat,Barri,Resto del mundo,110,142,188,268,632,1335,1899,2286,2650,3066,3043,3412,3674,3613,3677,3653,3527,3274,3021,3169,3495,3799,3982,4233,4337,4059,4457,4838,5230
la Prosperitat,Barri,No consta,-,-,-,-,-,14,15,7,5,5,-,-,-,-,-,-,-,-,-,-,-,-,-,-,-,-,-,-,-
la Trinitat Nova,Barri,España,7567,7750,7610,7592,7474,7426,7222,7033,6895,6650,6590,6495,6455,6328,6222,6189,6164,6071,6046,5980,5908,5821,5861,5792,5758,5708,5777,5806,5953
la Trinitat Nova,Barri,Resto de la Unión Europea,8,10,9,9,10,20,18,30,35,44,86,91,81,86,89,87,95,108,95,92,101,116,134,135,132,141,127,124,141
la Trinitat Nova,Barri,Resto del mundo,19,25,44,79,170,312,552,840,1039,1264,1363,1494,1597,1463,1388,1348,1296,1211,1194,1187,1262,1428,1625,1742,1738,1572,1720,1796,1871
la Trinitat Nova,Barri,No consta,-,-,-,-,-,-,-,-,-,-,-,-,-,-,-,-,-,-,-,-,-,-,-,-,-,-,-,-,-
Torre Baró,Barri,España,2343,2368,2296,2217,2124,2080,2073,2051,2048,1973,1937,1940,1952,1957,1953,1934,1969,2132,2302,2348,2359,2371,2382,2350,2322,2319,2335,2440,2532
Torre Baró,Barri,Resto de la Unión Europea,11,11,14,13,15,14,13,10,10,12,23,31,24,23,27,28,28,42,49,57,65,72,82,70,77,82,80,83,89
Torre Baró,Barri,Resto del mundo,14,17,16,22,50,82,126,150,156,174,144,180,189,184,192,207,199,381,383,390,435,450,467,505,524,507,524,596,603
Torre Baró,Barri,No consta,-,-,-,-,-,-,-,-,-,-,-,-,-,-,-,-,-,-,-,-,-,-,-,-,-,-,-,-,-
Ciutat Meridiana,Barri,España,9787,9796,9740,9603,9391,9100,8731,8364,7882,7497,7224,7069,6998,7005,6992,6931,7047,7136,7373,7304,7419,7429,7431,7456,7436,7422,7483,7644,7821
Ciutat Meridiana,Barri,Resto de la Unión Europea,18,11,12,13,23,27,34,43,54,64,128,211,226,220,267,277,205,196,197,187,183,172,190,201,189,182,179,166,168
Ciutat Meridiana,Barri,Resto del mundo,18,28,47,92,208,483,1123,1708,2345,2936,3297,3857,4006,3634,3627,3537,3242,2842,2669,2564,2767,3021,3243,3434,3527,3204,3195,3280,3362
Ciutat Meridiana,Barri,No consta,-,-,-,-,-,-,-,-,-,-,-,-,-,-,-,-,-,-,-,-,-,-,-,-,-,-,-,-,-
Vallbona,Barri,España,712,784,799,801,804,783,853,876,899,1094,1135,1165,1184,1180,1188,1167,1157,1151,1170,1196,1208,1214,1196,1192,1161,1187,1171,1187,1183
Vallbona,Barri,Resto de la Unión Europea,-,5,10,11,10,10,10,10,13,17,23,28,28,38,37,39,40,33,35,26,26,26,32,35,33,34,28,24,25
Vallbona,Barri,Resto del mundo,-,-,-,-,13,38,34,47,65,116,97,124,115,118,118,134,151,126,129,132,145,159,178,193,206,198,221,225,244
Vallbona,Barri,No consta,-,-,-,-,-,-,-,-,-,-,-,-,-,-,-,-,-,-,-,-,-,-,-,-,-,-,-,-,-
Sant Andreu (Distrito),-,España,133319,133977,133470,132555,131544,132100,131008,130168,129268,128256,127293,126826,126665,126580,127238,127593,127865,128268,129774,130115,130030,129885,129474,128941,127910,127106,126730,127155,127499
Sant Andreu (Distrito),-,Resto de la Unión Europea,215,244,268,303,385,539,736,897,1150,1353,2088,2571,2810,2871,2773,2769,2884,2839,2886,2991,3217,3399,3988,4261,4087,4186,4200,4722,5255
Sant Andreu (Distrito),-,Resto del mundo,1016,1202,1491,1945,3619,6169,9086,10885,12777,14526,14029,16294,17908,17520,17328,17025,16194,14885,13845,13689,14532,15359,16876,18852,19529,18522,20858,23580,24901
Sant Andreu (Distrito),-,No consta,6,8,8,11,10,61,59,24,22,22,19,22,21,17,14,10,6,6,7,5,10,10,15,9,11,12,11,13,19
la Trinitat Vella,Barri,España,7632,7708,7716,7683,7565,7599,7472,7257,7055,6963,6893,6845,6859,6790,6812,6900,6998,7135,7255,7254,7205,7154,7131,7105,7126,7197,7226,7394,7625
la Trinitat Vella,Barri,Resto de la Unión Europea,-,-,-,-,8,10,26,35,53,76,143,235,219,211,234,239,252,240,240,245,255,232,301,310,319,325,291,316,352
la Trinitat Vella,Barri,Resto del mundo,168,192,261,337,550,881,1393,1723,2189,2731,2776,3194,3369,3274,3357,3258,3184,2872,2573,2549,2546,2685,2905,3072,3068,2836,2769,2950,3183
la Trinitat Vella,Barri,No consta,-,-,-,-,-,-,-,-,-,-,-,-,-,-,-,-,-,-,-,-,-,-,-,-,-,-,-,-,-
Baró de Viver,Barri,España,2291,2345,2342,2351,2354,2363,2334,2301,2300,2302,2287,2279,2278,2222,2244,2227,2210,2226,2226,2249,2247,2211,2233,2233,2226,2207,2191,2188,2182
Baró de Viver,Barri,Resto de la Unión Europea,-,-,-,-,-,-,6,-,5,11,13,19,17,16,18,23,25,28,32,35,35,39,44,44,43,47,41,41,55
Baró de Viver,Barri,Resto del mundo,5,8,12,16,18,26,41,60,77,108,117,160,157,154,149,161,181,225,224,227,257,285,327,348,384,349,350,383,441
Baró de Viver,Barri,No consta,-,-,-,-,-,-,-,-,-,-,-,-,-,-,-,-,-,-,-,-,-,-,-,-,-,-,-,-,-
el Bon Pastor,Barri,España,10023,10088,9966,9764,9736,9692,9930,10496,10591,10604,10544,10541,10590,10639,10645,10733,10844,10883,10972,10987,10924,10865,10831,10796,10707,10627,10632,10870,10985
el Bon Pastor,Barri,Resto de la Unión Europea,10,9,8,11,15,18,21,38,63,70,141,215,274,296,308,288,312,308,237,248,237,250,284,289,282,286,280,338,329
el Bon Pastor,Barri,Resto del mundo,27,33,51,72,142,320,642,855,1078,1367,1487,2333,2965,2874,2668,2176,1657,1485,1350,1358,1421,1625,2011,2567,2741,2640,3522,4589,4603
el Bon Pastor,Barri,No consta,-,-,-,-,-,-,-,-,-,-,-,-,-,-,-,-,-,-,-,-,-,-,-,-,-,-,-,-,-
Sant Andreu (Barrio),-,España,51342,51634,51581,51421,51300,51981,51735,51644,51462,51253,51158,50970,51018,51053,51527,51774,52004,52108,52539,52766,52833,53073,52995,52860,52401,51951,51747,51729,51665
Sant Andreu (Barrio),-,Resto de la Unión Europea,80,98,101,118,154,236,292,368,470,497,754,835,895,881,835,821,843,800,831,841,924,985,1149,1257,1206,1205,1217,1355,1477
Sant Andreu (Barrio),-,Resto del mundo,272,334,365,473,863,1577,2378,2900,3474,3767,3536,3780,3970,3898,3710,3686,3653,3355,3121,3087,3465,3603,3815,4389,4613,4445,4936,5564,5842
Sant Andreu (Barrio),-,No consta,-,-,-,-,-,17,16,5,8,7,-,-,9,6,-,-,-,-,-,-,-,-,-,-,5,-,-,-,-
la Sagrera,Barri,España,27648,27604,27380,27171,26901,26846,26595,26192,25974,25624,25245,25222,25190,25096,25240,25127,25062,25067,25423,25436,25532,25451,25261,25038,24932,24763,24585,24563,24535
la Sagrera,Barri,Resto de la Unión Europea,46,51,60,65,79,106,150,173,209,276,416,504,558,545,501,534,553,545,612,652,694,758,853,891,862,907,983,1102,1212
la Sagrera,Barri,Resto del mundo,310,329,409,556,967,1512,2081,2429,2647,2928,2685,2979,3193,3238,3378,3439,3309,3059,2864,2715,2899,3079,3369,3676,3771,3768,4336,4724,5213
la Sagrera,Barri,No consta,-,-,-,-,-,15,14,-,-,-,-,-,-,-,-,-,-,-,-,-,-,-,6,-,-,-,-,-,5
el Congrés i els Indians,Barri,España,13612,13610,13419,13305,13076,13020,12823,12645,12556,12428,12337,12214,12116,12066,12065,12088,12071,12078,12280,12290,12272,12250,12304,12287,12113,12091,12148,12190,12319
el Congrés i els Indians,Barri,Resto de la Unión Europea,29,34,35,36,43,57,82,96,125,153,269,331,351,385,384,365,350,346,334,351,407,416,485,538,517,532,507,584,649
el Congrés i els Indians,Barri,Resto del mundo,77,100,118,141,261,432,759,962,1149,1324,1244,1449,1593,1501,1547,1653,1607,1499,1432,1410,1459,1527,1766,1901,1919,1694,1966,2169,2203
el Congrés i els Indians,Barri,No consta,-,-,-,-,-,5,6,-,-,-,-,-,-,-,-,-,-,-,-,-,-,-,-,-,-,-,-,-,-
Navas,Barri,España,20771,20988,21066,20860,20612,20599,20119,19633,19330,19082,18829,18755,18614,18714,18705,18744,18676,18771,19079,19133,19017,18881,18719,18622,18405,18270,18201,18221,18188
Navas,Barri,Resto de la Unión Europea,47,48,61,68,85,109,159,183,225,270,352,432,496,537,493,499,549,572,600,619,665,719,872,932,858,884,881,986,1181
Navas,Barri,Resto del mundo,157,206,275,350,818,1421,1792,1956,2163,2301,2184,2399,2661,2581,2519,2652,2603,2390,2281,2343,2485,2555,2683,2899,3033,2790,2979,3201,3416
Navas,Barri,No consta,-,-,5,8,6,18,19,13,9,14,15,15,9,7,8,6,6,6,6,-,-,-,5,-,-,-,-,-,5
Sant Martí,Districte,España,201442,203057,202304,200933,199703,201192,200149,197625,196219,194669,193953,193233,193494,194115,195043,195818,195966,196425,198440,198189,196983,195755,194421,192319,190298,188671,187072,186838,186906
Sant Martí,Districte,Resto de la Unión Europea,540,609,731,832,1000,1493,2000,2679,3451,4357,6299,7928,8811,9287,8930,9462,10186,10538,10803,11088,12006,12748,14397,15432,14847,15702,16106,17417,18567
Sant Martí,Districte,Resto del mundo,1721,2152,2720,3354,5895,10385,15457,18480,21742,24339,22667,25147,27558,26809,27094,27436,26867,25686,24397,24870,27025,28470,31120,33787,35992,35055,39535,44914,47631
Sant Martí,Districte,No consta,9,18,19,33,44,117,114,63,80,84,84,81,31,9,11,22,16,16,20,23,25,26,27,40,44,37,39,37,35
el Camp de l'Arpa del Clot,Barri,España,35971,36205,35935,35428,34926,35304,34612,33823,33264,33087,32913,32680,32495,32322,32148,32198,31989,31977,32406,32284,31920,31613,31461,31019,30473,30104,29706,29710,29790
el Camp de l'Arpa del Clot,Barri,Resto de la Unión Europea,115,129,176,159,195,298,378,468,582,756,1070,1289,1407,1404,1254,1297,1383,1470,1587,1664,1832,2027,2337,2521,2451,2568,2634,2841,3101
el Camp de l'Arpa del Clot,Barri,Resto del mundo,446,548,690,785,1463,2510,3540,3976,4630,5042,4588,4801,4930,4622,4548,4670,4603,4348,4172,4179,4489,4682,5110,5587,5905,5528,5998,6503,6907
el Camp de l'Arpa del Clot,Barri,No consta,-,-,-,9,9,13,12,5,10,13,15,16,7,-,-,-,-,-,-,-,6,5,-,9,9,7,5,6,6
el Clot,Barri,España,22679,22907,23176,23563,23873,24410,24261,23956,23858,23618,23550,23506,23555,23543,23499,23397,23291,23285,23363,23287,23176,22953,22798,22392,22049,21673,21573,21416,21342
el Clot,Barri,Resto de la Unión Europea,68,76,95,118,144,194,249,313,365,433,624,801,896,943,872,909,950,1001,1021,1046,1153,1240,1363,1510,1496,1599,1639,1816,1902
el Clot,Barri,Resto del mundo,225,287,391,518,848,1530,2104,2329,2618,2817,2572,2768,3091,3009,2987,3004,2934,2746,2544,2592,2758,2854,3019,3177,3211,3105,3255,3533,3858
el Clot,Barri,No consta,-,-,-,-,-,16,13,-,-,-,-,-,-,-,-,5,-,-,-,-,-,-,-,-,-,-,-,-,-
el Parc i la Llacuna del Poblenou,Barri,España,12058,12057,12004,11930,11652,11511,11402,11239,11053,11032,11020,10882,10885,10898,11060,11294,11523,11688,11808,11856,11905,12002,12055,12101,12028,11954,11959,12079,12209
el Parc i la Llacuna del Poblenou,Barri,Resto de la Unión Europea,54,61,72,86,94,149,221,270,323,438,603,730,859,966,942,1026,1142,1182,1178,1212,1308,1377,1560,1664,1531,1675,1827,1929,2014
el Parc i la Llacuna del Poblenou,Barri,Resto del mundo,222,272,316,399,707,1091,1515,1695,1803,1858,1548,1491,1647,1605,1728,1714,1686,1742,1721,1784,1981,2039,2090,2170,2347,2330,2624,3029,3378
el Parc i la Llacuna del Poblenou,Barri,No consta,-,-,-,5,9,20,21,15,15,13,19,20,9,-,-,-,5,5,6,7,8,7,8,8,8,-,-,-,-
la Vila Olímpica del Poblenou,Barri,España,5772,6157,6406,6676,6807,6960,6967,6959,7200,7302,7398,7500,7547,7651,7698,7664,7764,7773,7826,7871,7846,7747,7647,7568,7476,7395,7253,7181,7086
la Vila Olímpica del Poblenou,Barri,Resto de la Unión Europea,105,116,141,183,222,317,360,451,557,596,697,824,896,932,893,939,960,997,934,909,898,929,1004,1078,1030,1097,1087,1118,1187
la Vila Olímpica del Poblenou,Barri,Resto del mundo,118,142,167,179,246,361,491,589,706,734,585,611,667,665,649,633,596,597,571,565,659,635,696,738,886,881,995,1063,1070
la Vila Olímpica del Poblenou,Barri,No consta,7,7,7,13,14,19,24,23,29,25,21,26,7,-,-,-,-,-,-,-,-,-,-,-,-,-,-,-,-
el Poblenou,Barri,España,23572,23835,23799,23646,23686,24301,24990,25076,25450,25519,25732,25942,26063,26308,26943,27061,27223,27425,27881,27996,27937,27827,27393,27175,26855,26420,26090,25779,25577
el Poblenou,Barri,Resto de la Unión Europea,52,67,78,96,117,203,319,476,637,863,1192,1499,1693,1827,1815,2028,2244,2349,2553,2664,2858,2968,3347,3658,3487,3685,3725,4005,4267
el Poblenou,Barri,Resto del mundo,209,232,354,451,844,1469,2122,2538,2936,3195,2924,3110,3368,3249,3307,3421,3411,3242,3000,2959,3134,3187,3425,3598,4066,3994,4330,4775,4968
el Poblenou,Barri,No consta,-,-,-,-,5,15,13,-,-,-,-,-,-,-,-,-,-,-,-,-,-,-,5,5,-,-,6,-,6
Diagonal Mar i el Front Marítim del Poblenou,Barri,España,4113,4120,4069,4208,4879,5958,6793,7476,7937,8114,8399,8539,8998,9469,10137,10495,10706,10944,11131,11163,11150,11017,10919,10745,10601,10477,10316,10240,10225
Diagonal Mar i el Front Marítim del Poblenou,Barri,Resto de la Unión Europea,6,10,10,11,22,52,106,194,302,396,516,638,744,845,853,906,1020,1085,1088,1054,1125,1100,1190,1214,1186,1269,1242,1254,1330
Diagonal Mar i el Front Marítim del Poblenou,Barri,Resto del mundo,30,33,38,48,62,175,344,459,624,768,722,785,949,950,1012,1113,1202,1137,1153,1197,1393,1526,1516,1565,1747,1643,1893,1998,2133
Diagonal Mar i el Front Marítim del Poblenou,Barri,No consta,-,-,-,-,-,-,-,-,-,6,-,-,-,-,-,-,-,-,-,-,-,-,-,-,-,-,-,-,-
el Besòs i el Maresme,Barri,España,21402,21451,21256,20954,20535,20264,19726,19183,18681,18212,17640,17427,17350,17290,17313,17269,17117,17048,17336,17214,17068,17073,17002,16742,16820,16979,17111,17484,17670
el Besòs i el Maresme,Barri,Resto de la Unión Europea,27,29,29,29,34,41,58,88,124,163,403,597,637,597,606,596,640,627,592,583,687,797,965,1042,977,1024,1032,1193,1221
el Besòs i el Maresme,Barri,Resto del mundo,111,138,162,224,465,953,1834,2531,3252,4016,3981,5293,6029,5908,6055,5851,5385,5165,4916,4985,5308,5848,6878,7917,8315,8342,9742,11801,11827
el Besòs i el Maresme,Barri,No consta,-,-,-,-,-,6,5,-,10,12,9,-,-,-,-,-,-,-,-,-,-,-,-,-,-,-,7,7,6
Provençals del Poblenou,Barri,España,16700,16976,16841,16792,16678,16610,16468,16316,16266,16263,16530,16615,16794,16974,16955,17218,17345,17480,17654,17692,17623,17570,17676,17615,17406,17380,17163,17090,17124
Provençals del Poblenou,Barri,Resto de la Unión Europea,36,40,36,38,43,67,97,126,180,253,437,551,625,696,682,710,748,748,752,822,907,1004,1166,1238,1185,1225,1278,1360,1450
Provençals del Poblenou,Barri,Resto del mundo,132,191,240,276,409,779,1112,1253,1532,1670,1642,1689,1885,1924,1914,1948,1975,1870,1756,1867,1989,2054,2273,2463,2588,2480,2829,3060,3326
Provençals del Poblenou,Barri,No consta,-,-,-,-,-,10,8,5,5,-,-,-,-,-,-,-,-,-,-,-,-,-,-,-,6,7,-,-,-
Sant Martí de Provençals,Barri,España,27204,27434,27336,26881,26487,26132,25695,25218,24710,24183,23815,23522,23413,23355,23248,23213,23088,23074,23267,23182,22943,22794,22567,22343,22206,21898,21702,21602,21565
Sant Martí de Provençals,Barri,Resto de la Unión Europea,40,46,49,60,71,107,134,171,221,281,432,546,573,569,549,541,571,590,598,609,669,690,792,794,801,824,897,993,1099
Sant Martí de Provençals,Barri,Resto del mundo,114,162,190,241,414,725,1094,1374,1649,1968,1870,2104,2301,2230,2357,2371,2341,2252,2106,2239,2575,2608,2807,3028,3219,3126,3565,3974,4307
Sant Martí de Provençals,Barri,No consta,-,-,-,-,-,6,7,6,-,-,-,-,-,-,-,-,-,-,-,-,-,-,-,-,-,-,5,6,5
la Verneda i la Pau,Barri,España,31971,31915,31482,30855,30180,29742,29235,28379,27800,27339,26956,26620,26394,26305,26042,26009,25920,25731,25768,25644,25415,25159,24903,24619,24384,24391,24199,24257,24318
la Verneda i la Pau,Barri,Resto de la Unión Europea,37,35,45,52,58,65,78,122,160,178,325,453,481,508,464,510,528,489,500,525,569,616,673,713,703,736,745,908,996
la Verneda i la Pau,Barri,Resto del mundo,114,147,172,233,437,792,1301,1736,1992,2271,2235,2495,2691,2647,2537,2711,2734,2587,2458,2503,2739,3037,3306,3544,3708,3626,4304,5178,5857
la Verneda i la Pau,Barri,No consta,-,-,-,-,-,12,11,-,-,-,-,-,-,-,-,-,-,-,-,-,-,-,-,-,-,-,-,-,-